words,type
animation,glamour
animator,glamour
best,glamour
boy,glamour
bollywood,glamour
boom,glamour
box,glamour
office,glamour
cameraman,glamour
camerawork,glamour
canon,glamour
celluloid,glamour
cgi,glamour
cinema,glamour
cinemagoer,glamour
cinematic,glamour
cinematography,glamour
clapperboard,glamour
clip,glamour
closeup,glamour
computergenerated,glamour
imagery,glamour
continuity,glamour
counterprogramming,glamour
credit,glamour
double,glamour
feature,glamour
extra,glamour
fade,glamour
film,glamour
filmstar,glamour
filmgoer,glamour
filmgoing,glamour
filmic,glamour
filming,glamour
filmstrip,glamour
flick,glamour
footage,glamour
frame,glamour
franchise,glamour
freeze,glamour
gaffer,glamour
hollywood,glamour
imax,glamour
in,glamour
idiom,glamour
kinetoscope,glamour
location,glamour
lot,glamour
magic,glamour
lantern,glamour
mockumentary,glamour
motion,glamour
picture,glamour
movie,glamour
moviegoer,glamour
moviegoing,glamour
outtake,glamour
pan,glamour
premiere,glamour
project,glamour
projection,glamour
projector,glamour
rambo,glamour
reel,glamour
release,glamour
remake,glamour
rerelease,glamour
retake,glamour
retcon,glamour
run,glamour
screen,glamour
screening,glamour
screenplay,glamour
sequence,glamour
shoot,glamour
shot,glamour
show,glamour
showing,glamour
slapstick,glamour
slide,glamour
slow,glamour
sound,glamour
effect,glamour
soundtrack,glamour
still,glamour
sting,glamour
storyboard,glamour
studio,glamour
stunt,glamour
subtitle,glamour
take,glamour
technicolor,glamour
big,glamour
silver,glamour
timelapse,glamour
title,glamour
track,glamour
viewing,glamour
zoetrope,glamour
act,glamour
acting,glamour
amateur,glamour
dramatics,glamour
theater,glamour
appear,glamour
appearance,glamour
be,glamour
on,glamour
stage,glamour
camp,glamour
up,glamour
costar,glamour
come,glamour
debut,glamour
dumb,glamour
enact,glamour
entrance,glamour
go,glamour
greasepaint,glamour
ham,glamour
hammy,glamour
improvisation,glamour
improvise,glamour
interpret,glamour
interpreter,glamour
live,glamour
action,glamour
method,glamour
mime,glamour
offstage,glamour
overact,glamour
pantomime,glamour
performative,glamour
play,glamour
portrayal,glamour
prompt,glamour
reenact,glamour
reenactment,glamour
rep,glamour
repertory,glamour
rest,glamour
fright,glamour
whisper,glamour
stagestruck,glamour
star,glamour
stardom,glamour
turn,glamour
stretch,glamour
tread,glamour
boards,glamour
understudy,glamour
variety,glamour
walkthrough,glamour
srk,glamour
shahrukh,glamour
khan,glamour
hrithik,glamour
roshan,glamour
salman,glamour
urvashi,glamour
rautela,glamour
bebo,glamour
karina,glamour
taimur,glamour
saif,glamour
ali,glamour
sara,glamour
kartik,glamour
aaryan,glamour
sartik,glamour
ananya,glamour
pandey,glamour
divorce,glamour
divorced,glamour
sexy,glamour
hot,glamour
oops,glamour
saree,glamour
upcoming,glamour
drama,glamour
scifi,glamour
romance,glamour
melody,glamour
song,glamour
songs,glamour
akshay,glamour
kumar,glamour
mouni,glamour
roy,glamour
kgf,glamour
bahubali,glamour
tiger,glamour
shroff,glamour
vidyut,glamour
vfx,glamour
soty,glamour
alia,glamour
bhatt,glamour
varun,glamour
dhawan,glamour
boney,glamour
kapoor,glamour
ranbir,glamour
kappor,glamour
ranveer,glamour
singh,glamour
deepkia,glamour
padukone,glamour
kalank,glamour
sonakshi,glamour
sinha,glamour
john,glamour
abraham,glamour
celebs,glamour
celebrity,glamour
fame,glamour
janhavi,glamour
trending,glamour
date,glamour
affairs,glamour
love,glamour
couple,glamour
marraige,glamour
married,glamour
adobe,technology
acrobat,technology
reader,technology
adsl,technology
analogue,technology
assistive,technology
technology,technology
attachment,technology
back-end,technology
backward,technology
compatible,technology
microsoft,technology
files,technology
invention,technology
ai,technology
artificial,technology
intelligence,technology
computer,technology
vision,technology
deep,technology
neural,technology
networks,technology
network,technology
communication,technology
optical,technology
fibre,technology
quantum,technology
statistics,technology
data,technology
science,technology
tech,technology
bandwidth,technology
bit,technology
bluetooth,technology
byte,technology
bookmark,technology
boolean,technology
operators,technology
boot,technology
reboot,technology
bounce,technology
back,technology
hard,technology
disk,technology
email,technology
error,technology
sender,technology
web,technology
website,technology
address,technology
broadband,technology
browser,technology
mozilla,technology
firefox,technology
internet,technology
explorer,technology
page,technology
refresh,technology
version,technology
cache,technology
update,technology
cad,technology
computer-aided,technology
design,technology
d,technology
cpu,technology
central,technology
processing,technology
unit,technology
speed,technology
cloud,technology
service,technology
icloud,technology
dropbox,technology
facebook,technology
apple,technology
iphone,technology
mac,technology
ios,technology
itunes,technology
android,technology
chip,technology
microprocessor,technology
program,technology
drive,technology
python,technology
c++,technology
julia,technology
swift,technology
java,technology
javascript,technology
tensorflow,technology
tf,technology
pytorch,technology
gans,technology
generative,technology
adversarial,technology
cnn,technology
rnn,technology
torchvision,technology
batch,technology
normalization,technology
geek,technology
developers,technology
driven,technology
code,technology
cookie,technology
compression,technology
computing,technology
super,technology
computers,technology
brain,technology
mimic,technology
human,technology
weight,technology
input,technology
output,technology
cyber,technology
crimeunauthorised,technology
authorised,technology
cybersecurity,technology
domain,technology
device,technology
download,technology
hackers,technology
hack,technology
carsh,technology
server,technology
client,technology
software,technology
remote,technology
digital,technology
video,technology
analytics,technology
firewall,technology
trusted,technology
virus,technology
antivirus,technology
avast,technology
breach,technology
leak,technology
connections,technology
fttp,technology
ftp,technology
http,technology
https,technology
transfer,technology
protocol,technology
hyper-text,technology
text,technology
hyper,technology
markup,technology
language,technology
host,technology
user,technology
admin,technology
gateway,technology
gif,technology
graphics,technology
hdd,technology
application,technology
symbol,technology
hyperlink,technology
link,technology
interconnected,technology
electronic,technology
bigdata,technology
hadoop,technology
pig,technology
hive,technology
apache,technology
spark,technology
ml,technology
dl,technology
cv,technology
nlp,technology
sentiment,technology
emotion,technology
isp,technology
intranet,technology
jpeg,technology
expert,technology
photos,technology
format,technology
lan,technology
local,technology
mb,technology
gb,technology
tb,technology
terabyte,technology
gigabyte,technology
megabyte,technology
mhz,technology
megahertz,technology
modem,technology
transmit,technology
information,technology
telephone,technology
lines,technology
online,technology
offline,technology
banking,technology
insurance,technology
os,technology
operating,technology
pdf,technology
portable,technology
phishing,technology
password,technology
ppm,technology
printer,technology
ram,technology
random,technology
memory,technology
readonly,technology
resolution,technology
pixels,technology
image,technology
saas,technology
google,technology
amazon,technology
paytm,technology
paypal,technology
payment,technology
search,technology
engine,technology
ssl,technology
third,technology
party,technology
encryption,technology
decryption,technology
confidnetial,technology
message,technology
seo,technology
optimization,technology
parallelization,technology
spam,technology
unsolicited,technology
unzip,technology
url,technology
viralwep,technology
wired,technology
privacy,technology
blog,technology
wifi,technology
wi-fi,technology
signal,technology
wirelesstripping,technology
archive,technology
compress,technology
gadgets,technology
bioscience,technology
healthcare,technology
technical,technology
technician,technology
nanotechnology,technology
cryogenics,technology
robotics,technology
boston,technology
dynamics,technology
engineer,technology
advanced,technology
helped,technology
texas,technology
giants,technology
new,technology
market,technology
ucla,technology
business,technology
micro,technology
titans,technology
atlanta,technology
stanford,technology
miami,technology
marketing,technology
intel,technology
high,technology
arizona,technology
denver,technology
consumer,technology
improved,technology
usf,technology
industry,technology
technologies,technology
leading,technology
florida,technology
rebounding,technology
kansas,technology
makers,technology
chicago,technology
clemson,technology
tennessee,technology
manufacturers,technology
pseudoscience,technology
houston,technology
stocks,technology
cisco,technology
tools,technology
smart,technology
usc,technology
hokies,technology
seattle,technology
york,technology
home,technology
tool,technology
equipment,technology
systems,technology
basketball,technology
dallas,technology
indianapolis,technology
corporate,technology
technique,technology
drives,technology
better,technology
american,technology
running,technology
michigan,technology
indiana,technology
baltimore,technology
focus,technology
midwest,technology
advantage,technology
center,technology
scientifically,technology
companies,technology
scientific,technology
phoenix,technology
record,technology
engineering,technology
game,technology
buying,technology
quarter,technology
booming,technology
longhorns,technology
cowboys,technology
syracuse,technology
firms,technology
offense,technology
california,technology
whiz,technology
upgrade,technology
sales,technology
detroit,technology
chips,technology
key,technology
notebook,technology
neuroscience,technology
hydroscience,technology
school,technology
polytechnic,technology
institute,technology
metrology,technology
cyberscience,technology
sociology,technology
climatology,technology
tribology,technology
biophysics,technology
organon,technology
bionanoscience,technology
alchemical,technology
superscience,technology
technoscience,technology
geology,technology
proscience,technology
bellwethers,technology
fortran,technology
bionics,technology
multiscience,technology
antiscience,technology
phrenology,technology
architectonics,technology
ergonomics,technology
scienceless,technology
systematics,technology
hydrodynamic,technology
alchemy,technology
epistemology,technology
microscopy,technology
theoretician,technology
interoperable,technology
psychology,technology
sciencelike,technology
geophysics,technology
cybernetics,technology
university,technology
scientist,technology
nonscience,technology
interoperability,technology
geoscience,technology
mcscience,technology
limnology,technology
glycoscience,technology
physicist,technology
agronomy,technology
informatics,technology
radiography,technology
metaphysics,technology
physiology,technology
dendrohydrology,technology
physic,technology
theorist,technology
developer,technology
environmental,technology
mathematician,technology
system,technology
aeronauticsoperator,technology
logistics,technology
astrophysics,technology
histology,technology
electrochemistry,technology
anthropology,technology
watercourse,technology
agrobiology,technology
biological,technology
modernize,technology
channel,technology
technoid,technology
ecological,technology
kinesiology,technology
biologist,technology
eco,technology
bio,technology
dynamic,technology
naturalist,technology
cartography,technology
electrical,technology
engineerriverine,technology
photoscience,technology
empiricism,technology
comparator,technology
specialize,technology
gerontology,technology
subroutine,technology
apply,technology
canalisation,technology
methodology,technology
ecology,technology
startups,technology
biotech,technology
sci,technology
biomedical,technology
aerospace,technology
networking,technology
technologists,technology
automotive,technology
telecom,technology
techno,technology
hardware,technology
innovators,technology
semiconductor,technology
labs,technology
biz,technology
nerds,technology
biometrics,technology
telecommunications,technology
biomedicine,technology
futuristic,technology
wireless,technology
robots,technology
brainiac,technology
innovation,technology
robotic,technology
incubator,technology
entrepreneurial,technology
darpa,technology
microelectronics,technology
pharma,technology
nano,technology
profile,technology
hipster,technology
laptops,technology
sbc,technology
aeronautic,technology
auto,technology
outsourcing,technology
academia,technology
futurism,technology
smartphone,technology
specialization,technology
cryptography,technology
evolution,technology
demography,technology
canal,technology
canalise,technology
mechanical,technology
electrotelegraphy,technology
geroscience,technology
biocomputing,technology
sociobiology,technology
neurophysics,technology
microphonics,technology
actinochemistry,technology
terotechnology,technology
exobiology,technology
cyberpsychology,technology
thanatology,technology
depolarize,technology
psychobiology,technology
macrophysics,technology
infostructure,technology
lifehack,technology
bioacoustics,technology
radiology,technology
chemical,technology
alchemize,technology
astrobiology,technology
scienticide,technology
transistorize,technology
cyberphilosophy,technology
cybertechnology,technology
biomed,technology
dotcom,technology
digerati,technology
gizmos,technology
techy,technology
technophile,technology
ungreen,technology
symbolics,technology
brainiacs,technology
brainpower,technology
thingamajigs,technology
grads,technology
enviro,technology
whizbang,technology
futurology,technology
gearhead,technology
micrographics,technology
turtlenecked,technology
highflier,technology
doodad,technology
photomicrography,technology
fanboy,technology
intrapreneur,technology
cogwheels,technology
dealmaking,technology
cryptology,technology
newfangled,technology
pricey,technology
social,technology
gimcracks,technology
discipline,technology
cognitive,technology
formal,technology
philosophy,technology
natural,technology
topic,technology
category,technology
field,technology
study,technology
history,technology
space,technology
technologybachelor,technology
theory,technology
subject,technology
analysis,technology
civil,technology
physical,technology
logic,technology
letter,technology
security,technology
technological,technology
rocket,technology
exact,technology
life,technology
pure,technology
industrial,technology
art,technology
statistical,technology
mechanic,technology
affine,technology
transformation,technology
bucket,technology
evolutionary,technology
biology,technology
saver,technology
linear,technology
monkey,technology
patch,technology
transport,technology
good,technology
power,technology
seismic,technology
political,technology
dot,technology
com,technology
venture,technology
capital,technology
gee,technology
cutting,technology
edge,technology
capitalist,technology
vacuum,technology
tube,technology
dean,technology
kamen,technology
ultrahigh,technology
frequency,technology
bridge,technology
river,technology
popular,technology
searches,technology
quiet,technology
quick,technology
question,technology
quest,technology
quilting,technology
queer,technology
recycling,technology
rainfall,technology
religion,technology
reading,technology
royalty,technology
racism,technology
rainforest,technology
research,technology
resilience,technology
relationships,technology
safari,technology
shopping,technology
sustainability,technology
summer,technology
snow,technology
travel,technology
ocean,technology
trees,technology
sea,technology
beach,technology
plants,technology
textiles,technology
universe,technology
unity,technology
underwater,technology
urban,technology
unique,technology
umbrella,technology
unicorn,technology
usa,technology
ugly,technology
unemployment,technology
vehicles,technology
volcano,technology
vikings,technology
vegetables,technology
vacation,technology
time,technology
warp,technology
atomic,technology
sub,technology
submarine,technology
nuclear,technology
nuke,technology
fire,technology
blast,technology
collider,technology
hydrogen,technology
ozone,technology
land,technology
agronomyformal,technology
scientificroger,technology
bacon,technology
cosmology,technology
skill,technology
linguistics,technology
alhazen,technology
society,technology
nature,technology
economics,technology
algebra,technology
professor,technology
academic,technology
applied,technology
sciences,technology
knowledge,technology
book,technology
optics,technology
education,technology
literature,technology
ptolemy,technology
curriculum,technology
community,technology
genetics,technology
mathematical,technology
biochemistry,technology
witelo,technology
cause,technology
microbiology,technology
heliocentrism,technology
zoology,technology
molecular,technology
william,technology
whewell,technology
measure,technology
francis,technology
law,technology
hypothesis,technology
consilience,technology
peer,technology
review,technology
relativity,technology
explanation,technology
predictions,technology
civilization,technology
concept,technology
ability,technology
nutrition,technology
metallurgy,technology
cryptanalysis,technology
bailiwick,technology
ip,technology
virtuosity,technology
nose,technology
verify,technology
tectonics,technology
control,technology
parmenides,technology
socrates,technology
aristotle,technology
teleological,technology
actualization,technology
ethics,technology
caliphate,technology
facts,technology
mahabhuta,technology
abbasid,technology
baghdad,technology
iraq,technology
theories,technology
euclid,technology
studies,technology
scholasticism,technology
cryptanalytics,technology
strategics,technology
theoriser,technology
agrology,technology
theorizer,technology
idealogue,technology
phusis,technology
studying,technology
copernicus,technology
journalism,technology
almagest,technology
galileo,technology
dogma,technology
arts,technology
harvard,technology
educational,technology
hypotheses,technology
graduate,technology
teaching,technology
mechanistic,technology
focuses,technology
teaches,technology
chirality,technology
geography,technology
energy,technology
experiments,technology
potential,technology
theoretical,technology
phd,technology
archaeology,technology
studied,technology
al-kindi,technology
learning,technology
thesis,technology
taught,technology
faculty,technology
logy,technology
ology,technology
crystallography,technology
interdisciplinary,technology
creative,technology
laboratory,technology
researcher,technology
lab,technology
yale,technology
academy,technology
work,technology
focusing,technology
species,technology
works,technology
comparative,technology
doctorate,technology
biologically,technology
princeton,technology
degree,technology
atoms,technology
institutes,technology
institution,technology
associate,technology
thermodynamics,technology
master,technology
journal,technology
development,technology
based,technology
modern,technology
writing,technology
aspects,technology
atom,technology
berkeley,technology
literary,technology
experimental,technology
doctoral,technology
subjects,technology
researchers,technology
perspective,technology
chemist,technology
undergraduate,technology
textbook,technology
concepts,technology
world,technology
culture,technology
electron,technology
bachelor,technology
einstein,technology
atomism,technology
ic,technology
middle,technology
ages,technology
east,technology
biologic,technology
analytic,technology
antibiotic,technology
automobiles,technology
aircraft,technology
classical,technology
antiquity,technology
icbm,technology
osmosis,technology
western,technology
reversibly,technology
ph.d.,technology
noncritical,technology
elements,technology
cytology,technology
aerobiology,technology
laws,technology
embryology,technology
dimorphism,technology
psychological,technology
reproducible,technology
xenobiology,technology
era,technology
toxicology,technology
zoologist,technology
test,technology
causality,technology
ancient,technology
greek,technology
biochemist,technology
fact,technology
area,technology
agriculture,technology
bioclimatology,technology
pre-socratic,technology
philosopher,technology
chemically,technology
cryobiology,technology
x-ray,technology
radioactivity,technology
measurements,technology
arithmetic,technology
geometry,technology
final,technology
trigonometry,technology
cosmochemistry,technology
predict,technology
calculus,technology
neurochemistry,technology
topology,technology
deductive,technology
reasoning,technology
late,technology
early,technology
serology,technology
pharmacochemistry,technology
unreactive,technology
theorem,technology
isidore,technology
seville,technology
formula,technology
chemo,technology
byzantine,technology
empire,technology
syriac,technology
axiom,technology
iatrochemistry,technology
macrochemistry,technology
thermochemistry,technology
metamathematics,technology
oleochemistry,technology
zymurgy,technology
house,technology
wisdom,technology
photochemistry,technology
practicum,technology
mathematics,technology
cytochemistry,technology
femtochemistry,technology
phenomena,technology
glycochemistry,technology
piezochemistry,technology
islamic,technology
golden,technology
age,technology
histochemistry,technology
polyvalent,technology
monovalent,technology
ibn,technology
sahl,technology
immunochemistry,technology
al-haytham,technology
palynology,technology
astrogeology,technology
toledo,technology
translators,technology
national,technology
foundation,technology
phenomenon,technology
radiochemistry,technology
magnetochemistry,technology
eleatic,technology
falsifiable,technology
europe,technology
nomenclature,technology
anticatalyst,technology
zoochemistry,technology
hellenistic,technology
bivalent,technology
abi,technology
usaibia,technology
meteoritics,technology
chemistry,technology
stoichiology,technology
geochronology,technology
allomerism,technology
peckham,technology
four,technology
causes,technology
soil,technology
johannes,technology
kepler,technology
geocentric,technology
model,technology
room,technology
renaissance,technology
printing,technology
press,technology
rené,technology
descartes,technology
csiro,technology
isaac,technology
newton,technology
gottfried,technology
leibniz,technology
newtonian,technology
physics,technology
aristotelian,technology
actuality,technology
potentiality,technology
herschel,technology
oceanography,technology
botany,technology
meteorology,technology
paleontology,technology
archeology,technology
bioengineering,technology
parasitology,technology
rocketry,technology
geosciences,technology
olympiads,technology
seismology,technology
genomics,technology
aeronautics,technology
palaeontology,technology
charles,technology
darwin,technology
origin,technology
descent,technology
modification,technology
imprs,technology
l,technology
selection,technology
dalton,technology
poetry,technology
electromagnetic,technology
computational,technology
state,technology
mechanics,technology
policy,technology
fertilizer,technology
population,technology
growth,technology
sanders,technology
peirce,technology
race,technology
conicet,technology
arms,technology
integrated,technology
circuits,technology
public,technology
communications,technology
satellite,technology
csic,technology
mobile,technology
probability,technology
oecd,technology
earth,technology
eo,technology
wilson,technology
organic,technology
universities,technology
mössbauer,technology
museology,technology
biometeorology,technology
primatology,technology
paleoclimatology,technology
neuropharmacology,technology
ufology,technology
biomimetics,technology
lysenkoism,technology
psychophysiology,technology
paleoecology,technology
glaciology,technology
biomathematics,technology
catastrophism,technology
teratology,technology
radiobiology,technology
sociolinguistics,technology
psycholinguistics,technology
paleobiology,technology
criminalistics,technology
pharmacognosy,technology
grantsmanship,technology
precalculus,technology
scientism,technology
ichthyology,technology
enigmatology,technology
thought,technology
experiment,technology
newscientist,technology
occam's,technology
razor,technology
correlation,technology
does,technology
imply,technology
causation,technology
cell,technology
particle,technology
politician,technology
modeling,technology
confirmation,technology
bias,technology
inoculation,technology
salmonella,technology
mohists,technology
number,technology
electrons,technology
idealism,technology
consciousness,technology
compete,technology
behavior,technology
rationalism,technology
agree,technology
measurement,technology
supernatural,technology
certainty,technology
fallacy,technology
rules,technology
skeptical,technology
authoritarian,technology
truth,technology
mythology,technology
ideology,technology
priori,technology
posteriori,technology
newton's,technology
fundamental,technology
learned,technology
accademia,technology
dei,technology
lincei,technology
royal,technology
académie,technology
des,technology
international,technology
council,politics
mass,technology
media,technology
united,politics
states,technology
centre,technology
de,technology
la,technology
recherche,technology
scientifique,technology
max,technology
planck,technology
deutsche,technology
forschungsgemeinschaft,technology
sçavans,technology
philosophical,technology
transactions,technology
inductivism,technology
library,technology
medicine,technology
paper,technology
bayesianism,technology
anatomy,technology
developmental,technology
wilhelm,technology
analytical,technology
differential,technology
veterinary,technology
inorganic,technology
celestial,technology
magazine,technology
&,technology
vie,technology
falsifiability,technology
fiction,technology
falsificationism,technology
fallibilist,technology
fallibilism,technology
uniformitarianism,technology
instrumentalism,technology
fund,technology
christine,technology
ladd-franklin,technology
ludwig,technology
wittgenstein,technology
separate,technology
spheres,technology
funding,technology
hundred,technology
schools,technology
warring,technology
period,technology
great,technology
britain,technology
kaiser,technology
vannevar,technology
bush,technology
developed,technology
country,technology
gross,technology
domestic,technology
product,technology
basic,technology
blue,technology
skies,technology
fusion,technology
debate,technology
beat,technology
reporter,technology
kingdom,technology
mmr,technology
vaccine,technology
edwina,technology
currie,technology
battery,technology
cage,technology
horgan,technology
chris,technology
mooney,technology
outreach,technology
awareness,technology
festival,technology
citizen,technology
template:science,technology
stem,technology
fields,technology
realism,technology
view,technology
karl,technology
popper,technology
hypothetico-deductive,technology
critical,technology
trial,technology
keith,technology
stanovich,technology
observational,technology
appeal,technology
to,technology
authority,technology
non-overlapping,technology
magisteria,technology
methodological,technology
naturalism,technology
creationism,technology
models,technology
pecham,technology
demarcation,technology
problem,technology
imre,technology
lakatos,technology
progress,technology
epistemological,technology
anarchism,technology
paul,technology
k,technology
feyerabend,technology
constructive,technology
interpretations,technology
critique,technology
affirming,technology
consequent,technology
advancement,technology
misconduct,technology
ziman,technology
intersubjective,technology
verifiability,technology
rod,technology
cells,technology
night,technology
rescue,technology
cargo,technology
cult,technology
richard,technology
feynman,technology
junk,technology
fringe,technology
single,technology
hyperbolic,technology
doubt,technology
barry,technology
stroud,technology
germ,technology
disease,technology
skepticism,technology
absentee,politics
accountable,politics
activist,politics
adverse,politics
advertising,politics
advice,politics
advise,politics
affiliation,politics
aggressive,politics
amendment,politics
announcement,politics
anthem,politics
appearanceappoint,politics
approach,politics
appropriation,politics
arguments,politics
articulate,politics
aspiration,politics
asset,politics
assimilation,politics
at,politics
large,politics
audience,politics
authorization,politics
background,politics
bait,politics
balancedbudget,politics
ballot,politics
ballotbox,politics
bandwagon,politics
barnstorm,politics
beliefs,politics
biannual,politics
bicameral,politics
bill,politics
bipartisan,politics
boondoggle,politics
brochure,politics
budget,politics
bunk,politics
bureaucracy,politics
cabinet,politics
campaign,politics
candidate,politics
canvass,politics
capitalize,politics
career,politics
catalyst,politics
caucus,politics
ceiling,politics
centrist,politics
challenge,politics
challenger,politics
changes,politics
charismatic,politics
checksandbalances,politics
choice,politics
citation,politics
civic,politics
coalition,politics
coast-to-coast,politics
coattail,politics
collaboration,politics
colleague,politics
collective,politics
commitments,politics
committee,politics
commonality,politics
compassionconcede,politics
concessions,politics
confidence,politics
congress,politics
congressional,politics
conscience,politics
consequence,politics
conservative,politics
constituent,politics
constitution,politics
consultation,politics
contribution,politics
controversy,politics
convene,politics
convention,politics
curiosity,politics
cycle,politics
darkhorse,politics
decision,politics
decisive,politics
declarationdefeat,politics
deficit,politics
delegate,politics
deliberate,politics
deliberation,politics
democracy,politics
democrat,politics
democratic,politics
derision,politics
destiny,politics
diligent,politics
diplomat,politics
disapproval,politics
discoursediscreet,politics
discussion,politics
disheartened,politics
dishonesty,politics
dissatisfaction,politics
district,politics
distrust,politics
diverse,politics
division,politics
dominate,politics
donation,politics
donor,politics
dossierdynamic,politics
effective,politics
efficient,politics
elation,politics
electoralcollege,politics
elevate,politics
eloquence,politics
emphasis,politics
endorsement,politics
engaging,politics
equal,politics
euphoria,politics
excessive,politics
executive,politics
exitpoll,politics
experience,politics
faction,politics
federal,politics
feud,politics
filibuster,politics
flawed,politics
forum,politics
fraud,politics
freedom,politics
front,politics
runner,politics
fundraiser,politics
gambit,politics
gerrymander,politics
glaring,politics
gop,politics
government,politics
grass,politics
roots,politics
grateful,politics
handshakes,politics
money,politics
hatch,politics
heckle,politics
historic,politics
honestyhooray,politics
hypocrisy,politics
bjp,politics
narendra,politics
modi,politics
namo,politics
mamta,politics
banerjee,politics
bsp,politics
sp,politics
nitish,politics
shivsena,politics
uddhav,politics
raj,politics
thackeray,politics
hindu,politics
muslim,politics
aimim,politics
vote,politics
votes,politics
pole,politics
evm,politics
election,politics
commission,politics
india,politics
america,politics
pakistan,politics
isi,politics
azhar,politics
masood,politics
uri,politics
surgical,politics
strike,politics
rahulgandhi,politics
pappu,politics
scam,politics
rss,politics
minister,politics
ministry,politics
foreign,politics
economic,politics
rashtravadi,politics
priyanka,politics
terrorism,politics
terrorist,politics
manifesto,politics
loksabha,politics
police,politics
army,politics
indian,politics
immigrants,politics
impound,politics
inalienableincentive,politics
incorporate,politics
incumbency,politics
incumbent,politics
independent,politics
indulge,politics
infallible,politics
influx,politics
informative,politics
initiative,politics
innuendo,politics
inspiringintegrity,politics
interests,politics
investigate,politics
involvement,politics
irresponsible,politics
issues,politics
jeopardy,politics
jubilant,politics
judge,politics
judicial,politics
keen,politics
lameduck,politics
landslide,politics
lawleader,politics
leadership,politics
leanings,politics
legal,politics
legalization,politics
legislature,politics
liberal,politics
listening,politics
lobbyist,politics
lone,politics
loser,politics
loss,politics
loyalty,politics
magistrate,politics
majoritymandate,politics
meaningful,politics
measures,politics
meetings,politics
mentor,politics
midtermelection,politics
minority,politics
misinformation,politics
motives,politics
mudslinging,politics
nationwidenegativity,politics
nominate,politics
nominee,politics
nonpartisan,politics
obligation,politics
obsequious,politics
offensive,politics
official,politics
oldboy,politics
opine,politics
opinion,politics
opinionatedopportunity,politics
opposition,politics
orator,politics
outspoken,politics
ovation,politics
pac,politics
pamphlets,politics
pardon,politics
participation,politics
partisanship,politics
patriotism,politics
petition,politics
platformpledge,politics
plurality,politics
polarize,politics
polite,politics
politics,politics
poll,politics
pollingplace,politics
pollster,politics
popularity,politics
porkbarrel,politics
position,politics
paperpragmatist,politics
praise,politics
precinct,politics
prescient,politics
pride,politics
primary,politics
priority,politics
proactive,politics
process,politics
progressive,politics
projectionpromises,politics
propaganda,politics
proponent,politics
proposal,politics
purpose,politics
query,politics
questions,politics
quorum,politics
quotes,politics
ratify,politics
re-election,politics
reapportionment,politics
recallrecognition,politics
reconciliation,politics
recount,politics
recrimination,politics
redistrict,politics
referendum,politics
reform,politics
registration,politics
regulate,politics
representation,politics
republican,politics
rescindresignation,politics
restrictions,politics
retort,politics
reveal,politics
revelations,politics
revenues,politics
rhetoric,politics
rollcall,politics
runoff,politics
scope,politics
senate,politics
seniority,politics
shiftshortcoming,politics
shuffle,politics
sidelines,politics
sinecure,politics
slate,politics
slogan,politics
solicitation,politics
solution,politics
spar,politics
spectacle,politics
speculate,politics
spending,politics
spin,politics
stakes,politics
stancestate’srights,politics
statute,politics
strategist,politics
strategy,politics
strawpoll,politics
stump,politics
subcommittee,politics
success,politics
suffrage,politics
support,politics
tactics,politics
tally,politics
taxpayerterm,politics
termlimit,politics
ticket,politics
trust,politics
turnout,politics
ultimate,politics
unanimous,politics
uncommitted,politics
unfair,politics
uniformity,politics
unknown,politics
unopposed,politics
unprecedented,politics
unwindupcoming,politics
upset,politics
vacancy,politics
veto,politics
viable,politics
victor,politics
victory,politics
viewpoint,politics
views,politics
violations,politics
vip,politics
volunteers,politics
voter,politics
vulnerability,politics
ward,politics
whistle-stop,politics
wild-card,politics
win,politics
winner,politics
withdraw,politics
withhold,politics
woo,politics
xenophobic,politics
yell,politics
yield,politics
zeal,politics
zealous,politics
assembly,politics
nations,politics
zone,politics
beer,cuisine
breakfast,cuisine
buffet,cuisine
cheese,cuisine
chicken,cuisine
chocolate,cuisine
cloakroom,cuisine
cook,cuisine
cooking,cuisine
course,cuisine
cup,cuisine
dessert,cuisine
dining,cuisine
dinner,cuisine
dish,cuisine
environment,cuisine
food,cuisine
fork,cuisine
freezer,cuisine
glass,cuisine
grill,cuisine
hygienic,cuisine
kitchen,cuisine
knife,cuisine
lunch,cuisine
main,cuisine
meal,cuisine
menu,cuisine
napkin,cuisine
pastry,cuisine
pepper,cuisine
plate,cuisine
prepared,cuisine
restaurant,cuisine
rice,cuisine
roast,cuisine
salad,cuisine
salt,cuisine
sauce,cuisine
sausages,cuisine
secure,cuisine
slices,cuisine
soup,cuisine
spoon,cuisine
starter,cuisine
tip,cuisine
utensils,cuisine
vegetarian,cuisine
waiter,cuisine
waitress,cuisine
water,cuisine
weighed,cuisine
wine,cuisine
grapefruit,cuisine
kumquat,cuisine
lemon,cuisine
lime,cuisine
mandarin,cuisine
orange,cuisine
navel,cuisine
pink,cuisine
tangerine,cuisine
white,cuisine
bread,cuisine
butter,cuisine
coffee,cuisine
mug,cuisine
fish,cuisine
platter,cuisine
gravy,cuisine
boat,cuisine
stand,cuisine
shaker,cuisine
rim,cuisine
bowl,cuisine
saucer,cuisine
serving,cuisine
sugar,cuisine
tea,cuisine
pitcher,cuisine
apricot,cuisine
banana,cuisine
blackberry,cuisine
blueberry,cuisine
cherry,cuisine
cranberry,cuisine
currant,cuisine
fig,cuisine
grape,cuisine
grapes,cuisine
kiwi,cuisine
melon,cuisine
nectarine,cuisine
peach,cuisine
pear,cuisine
persimmon,cuisine
pineapple,cuisine
plum,cuisine
pomegranate,cuisine
prune,cuisine
raspberry,cuisine
strawberry,cuisine
watermelon,cuisine
barley,cuisine
corn,cuisine
millet,cuisine
oats,cuisine
rye,cuisine
brown,cuisine
short,cuisine
grain,cuisine
long,cuisine
soy,cuisine
beans,cuisine
wheat,cuisine
boning,cuisine
butcher,cuisine
cleaver,cuisine
filleting,cuisine
oyster,cuisine
paring,cuisine
steak,cuisine
alphabet,cuisine
bows,cuisine
cappelletti,cuisine
curly,cuisine
lasagna,cuisine
elbow,cuisine
macaroni,cuisine
fedelini,cuisine
noodles,cuisine
ravioli,cuisine
ribbed,cuisine
shells,cuisine
spaghetti,cuisine
stars,cuisine
thin,cuisine
tortellini,cuisine
turrets,cuisine
vermicelli,cuisine
wheels,cuisine
biscuits,cuisine
cake,cuisine
sticks,cuisine
cookies,cuisine
crackers,cuisine
croissant,cuisine
doughnuts,cuisine
english,cuisine
muffins,cuisine
garlic,cuisine
rolls,cuisine
pancakes,cuisine
pie,cuisine
sourdough,cuisine
sweet,cuisine
waffles,cuisine
relish,cuisine
pickle,cuisine
dill,cuisine
ketchup,cuisine
mustard,cuisine
mayonnaise,cuisine
catsup,cuisine
olive,cuisine
sour,cuisine
cream,cuisine
vegeterian,cuisine
birthday,cuisine
candy,cuisine
bar,cuisine
donut,cuisine
fruit,cuisine
ice,cuisine
muffin,cuisine
mode,cuisine
potato,cuisine
pudding,cuisine
whip,cuisine
brandy,cuisine
cocoa,cuisine
cocktail,cuisine
coke,cuisine
green,cuisine
juice,cuisine
lemonade,cuisine
liquor,cuisine
milk,cuisine
milkshake,cuisine
punch,cuisine
soda,cuisine
soft,cuisine
drink,cuisine
tomato,cuisine
whiskey,cuisine
bagel,cuisine
cereal,cuisine
egg,cuisine
pasta,cuisine
peanuts,cuisine
roll,cuisine
sandwich,cuisine
shrimp,cuisine
toast,cuisine
beef,cuisine
breast,cuisine
leg,cuisine
wing,cuisine
hamburger,cuisine
heart,cuisine
dog,cuisine
kidney,cuisine
lamb,cuisine
chop,cuisine
mutton,cuisine
pork,cuisine
sausage,cuisine
tongue,cuisine
turkey,cuisine
veal,cuisine
venison,cuisine
check,cuisine
dressing,cuisine
order,cuisine
french,cuisine
thousand,cuisine
island,cuisine
vinegar,cuisine
ranch,cuisine
oil,cuisine
asparagus,cuisine
beet,cuisine
broccoli,cuisine
brussels,cuisine
sprouts,cuisine
cabbage,cuisine
carrot,cuisine
cauliflower,cuisine
celery,cuisine
chinese,cuisine
cucumber,cuisine
eggplant,cuisine
japanese,cuisine
radish,cuisine
kale,cuisine
lettuce,cuisine
okra,cuisine
onion,cuisine
peas,cuisine
pumpkins,cuisine
spinach,cuisine
tomatoes,cuisine
turnips,cuisine
yogurt,cuisine
eggs,cuisine
fats,cuisine
meat,cuisine
nuts,cuisine
oils,cuisine
poultry,cuisine
sweets,cuisine
bag,cuisine
potatoes,cuisine
bottle,cuisine
carton,cuisine
jar,cuisine
pickles,cuisine
loaf,cuisine
package,cuisine
afghanistan,International News
mohammad,International News
ashraf,International News
ghani,International News
albania,International News
ilir,International News
meta,International News
bujar,International News
nishani,International News
edi,International News
rama,International News
algeria,International News
abdelaziz,International News
bouteflika,International News
ahmed,International News
ouyahia,International News
angola,International News
jose,International News
eduardo,International News
dos,International News
santos,International News
antigua,International News
and,International News
barbuda,International News
governor,International News
general,International News
sir,International News
rodney,International News
williams,International News
gaston,International News
browne,International News
armenia,International News
armen,International News
sarkissian,International News
nikol,International News
pashinyan,International News
argentina,International News
mauricio,International News
macri,International News
aruba,International News
alfonso,International News
boekhoudt,International News
evelyn,International News
wevercroes,International News
australia,International News
generalsir,International News
peter,International News
cosgrove,International News
malcolm,International News
turnbull,International News
austria,International News
alexander,International News
van,International News
der,International News
bellen,International News
christian,International News
kern,International News
azerbaijan,International News
ilham,International News
aliyev,International News
artur,International News
rasizade,International News
bahamas,International News
marguerite,International News
pindling,International News
hubert,International News
minnis,International News
bahrain,International News
king,International News
hamad,International News
bin,International News
isa,International News
al,International News
khalifa,International News
bangladesh,International News
abdul,International News
hamid,International News
sheikh,International News
hasina,International News
barbados,International News
freundel,International News
stuart,International News
belarus,International News
aleksandr,International News
lukashenko,International News
andrei,International News
kobyakov,International News
belgium,International News
philippe,International News
michel,International News
belize,International News
colville,International News
young,International News
oliver,International News
barrow,International News
benin,International News
thomas,International News
boni,International News
yayi,International News
lionel,International News
zinsou,International News
bhutan,International News
jigme,International News
khesar,International News
namgyel,International News
wangchuck,International News
tshering,International News
tobgay,International News
bolivia,International News
juan,International News
evo,International News
morales,International News
ayma,International News
botswana,International News
seretse,International News
khama,International News
ian,International News
brazil,International News
temer,International News
brunei,International News
sultan,International News
hassanal,International News
bolkiah,International News
bulgaria,International News
rumen,International News
radev,International News
boyko,International News
borisov,International News
burundi,International News
pierre,International News
nkurunziza,International News
cambodia,International News
norodom,International News
sihamoni,International News
hun,International News
sen,International News
cameroon,International News
biya,International News
philemon,International News
yang,International News
canada,International News
david,International News
johnston,International News
justin,International News
trudeau,International News
chile,International News
michelle,International News
bachelettraffic,International News
has,International News
dwindled,International News
a,International News
trickle,International News
china,International News
xi,International News
jinping,International News
li,International News
keqiang,International News
colombia,International News
manuel,International News
croatia,International News
kolinda,International News
grabarkitarovic,International News
andrej,International News
plenkovic,International News
cyprus,International News
nicos,International News
anastasiades,International News
denmark,International News
queen,International News
margrethe,International News
ii,International News
lars,International News
løkke,International News
rasmussen,International News
egypt,International News
abdelfattah,International News
elsissi,International News
ibrahim,International News
mahlab,International News
estonia,International News
kersti,International News
kaljulaid,International News
jüri,International News
ratas,International News
ethiopia,International News
mulatu,International News
teshome,International News
abiy,International News
fiji,International News
jioji,International News
konrote,International News
frank,International News
bainimarama,International News
finland,International News
sauli,International News
niinisto,International News
juha,International News
sipila,International News
france,International News
emmanuel,International News
macron,International News
édouard,International News
georgia,International News
giorgi,International News
margvelashvil,International News
kvirikashvili,International News
germany,International News
frankwalter,International News
steinmeier,International News
chancellor,International News
angela,International News
merkel,International News
ghana,International News
nana,International News
akufoaddo,International News
greece,International News
prokopis,International News
pavlopoulos,International News
alexis,International News
tsipras,International News
guatemala,International News
jimmy,International News
guinea,International News
alpha,International News
conde,International News
mamady,International News
youla,International News
nath,International News
kovind,International News
indonesia,International News
joko,International News
widodo,International News
iran,International News
hassan,International News
rouhani,International News
supreme,International News
leader,International News
khamenei,International News
fuad,International News
masum,International News
haider,International News
alabadi,International News
ireland,International News
michael,International News
daniel,International News
higgins,International News
leo,International News
varadkar,International News
israel,International News
reuven,International News
rivlin,International News
binyamin,International News
bibi,International News
netanyahu,International News
italy,International News
sergio,International News
mattarella,International News
paolo,International News
gentiloni,International News
jamaica,International News
patrick,International News
allen,International News
andrew,International News
holness,International News
japan,International News
emperor,International News
akihito,International News
shinzo,International News
abe,International News
jordan,International News
abdallah,International News
hani,International News
almulki,International News
kazakhstan,International News
nursultan,International News
nazarbayev,International News
bakytzhan,International News
sagintayev,International News
korea,International News
north,International News
kim,International News
jongun,International News
south,International News
park,International News
geunhye,International News
lee,International News
nakyeon,International News
kuwait,International News
emir,International News
jaber,International News
alahmad,International News
alsabah,International News
jabir,International News
almubarak,International News
alhamad,International News
lebanon,International News
aoun,International News
saad,International News
hariri,International News
libya,International News
magariaf,International News
fayez,International News
alsarraj,International News
malaysia,International News
muhammad,International News
v,International News
of,International News
kelantan,International News
najib,International News
razak,International News
maldives,International News
abdulla,International News
yameen,International News
gayoom,International News
mali,International News
boubacar,International News
keita,International News
modibo,International News
mauritius,International News
ameenah,International News
guribfakim,International News
pravind,International News
jugnauth,International News
mexico,International News
enrique,International News
pena,International News
nieto,International News
morocco,International News
mohammed,International News
vi,International News
saadeddine,International News
othmani,International News
myanmar,International News
aung,International News
san,International News
suu,International News
kyi,International News
namibia,International News
hage,International News
geingob,International News
saara,International News
kuugongelwaamadhila,International News
nepal,International News
bidhya,International News
devi,International News
bhandari,International News
khadga,International News
prasad,International News
sharma,International News
oli,International News
netherlands,International News
willemalexander,International News
mark,International News
rutte,International News
zealand,International News
patsy,International News
reddy,International News
phillip,International News
oman,International News
qaboos,International News
said,International News
fahd,International News
mahmoud,International News
mamnoon,International News
hussain,International News
shahid,International News
khaqan,International News
abbasi,International News
philippines,International News
rodrigo,International News
duterte,International News
portugal,International News
marcelo,International News
rebelo,International News
sousa,International News
ferro,International News
rodrigues,International News
antónio,International News
costa,International News
qatar,International News
tamim,International News
thani,International News
nasir,International News
romania,International News
klaus,International News
iohannis,International News
viorica,International News
dancila,International News
russia,International News
vladimir,International News
vladimirovich,International News
putin,International News
dmitriy,International News
anatolyevich,International News
medvedev,International News
saudi,International News
arabia,International News
abdulaziz,International News
saud,International News
seychelles,International News
danny,International News
faure,International News
james,International News
alix,International News
singapore,International News
halimah,International News
yacob,International News
hsien,International News
loong,International News
africa,International News
cyril,International News
ramaphosa,International News
spain,International News
monarch,International News
felipe,International News
mariano,International News
rajoy,International News
sri,International News
lanka,International News
maithripala,International News
sirisena,International News
ranil,International News
wickremesinghe,International News
sudan,International News
president,International News
omar,International News
albashir,International News
syria,International News
bashar,International News
alasad,International News
imad,International News
khamis,International News
taiwan,International News
tsai,International News
ingwen,International News
thailand,International News
maha,International News
vajiralongkorn,International News
prayut,International News
chanocha,International News
ukraine,International News
petro,International News
poroshenko,International News
volodymyr,International News
groysman,International News
arab,International News
emirates,International News
zayid,International News
nuhayyan,International News
rashid,International News
maktoum,International News
donald,International News
trump,International News
elizabeth,International News
theresa,International News
may,International News
zimbabwe,International News
emmerson,International News
mnangagwa,International News
tokyo,International News
delhi,International News
shanghai,International News
sao,International News
paulo,International News
city,International News
cairo,International News
dhaka,International News
mumbai,International News
beijing,International News
osaka,International News
karachi,International News
chongqing,International News
buenos,International News
aires,International News
istanbul,International News
kolkata,International News
lagos,International News
manila,International News
tianjin,International News
rio,International News
janeiro,International News
guangzhou,International News
moscow,International News
lahore,International News
shenzhen,International News
bangalore,International News
paris,International News
bogota,International News
chennai,International News
jakarta,International News
lima,International News
bangkok,International News
seoul,International News
hyderabad,International News
london,International News
tehran,International News
chengdu,International News
wuhan,International News
ahmedabad,International News
kuala,International News
lumpur,International News
riyadh,International News
surat,International News
santiago,International News
madrid,International News
pune,International News
dar,International News
es,International News
salaam,International News
toronto,International News
johannesburg,International News
barcelona,International News
st,International News
petersburg,International News
yangon,International News
alexandria,International News
guadalajara,International News
ankara,International News
melbourne,International News
sydney,International News
brasilia,International News
nairobi,International News
cape,International News
town,International News
rome,International News
montreal,International News
tel,International News
aviv,International News
medellin,International News
jaipur,International News
casablanca,International News
lucknow,International News
berlin,International News
busan,International News
athens,International News
milan,International News
kanpur,International News
abuja,International News
lisbon,International News
surabaya,International News
dubai,International News
cali,International News
manchester,International News
vancouver,International News
accra,International News
pretoria,International News
beirut,International News
brisbane,International News
bhopal,International News
havana,International News
tijuana,International News
hiroshima,International News
perth,International News
phnom,International News
penh,International News
mecca,International News
vienna,International News
aleppo,International News
panama,International News
bucharest,International News
hamburg,International News
warsaw,International News
budapest,International News
lyon,International News
glasgow,International News
sharjah,International News
stockholm,International News
marseille,International News
auckland,International News
munich,International News
calgary,International News
abu,International News
dhabi,International News
edmonton,International News
belgrade,International News
zurich,International News
ottawa,International News
kathmandu,International News
copenhagen,International News
adelaide,International News
porto,International News
prague,International News
helsinki,International News
sofia,International News
ho,International News
chi,International News
minh,International News
dublin,International News
tripoli,International News
amsterdam,International News
cologne,International News
islamabad,International News
oslo,International News
toulouse,International News
rotterdam,International News
bordeaux,International News
nice,International News
southampton,International News
jerusalem,International News
liverpool,International News
birmingham,International News
valencia,International News
thessaloniki,International News
winnipeg,International News
nottingham,International News
frankfurt,International News
hamilton,International News
sheffield,International News
florence,International News
gaza,International News
the,International News
gold,International News
coast,International News
zagreb,International News
bristol,International News
nantes,International News
bali,International News
venice,International News
riga,International News
stuttgart,International News
dusseldorf,International News
belfast,International News
brighton,International News
kingston,International News
kitchener,International News
leicester,International News
edinburgh,International News
cardiff,International News
montpellier,International News
canberra,International News
newcastle,International News
bratislava,International News
coventry,International News
wellington,International News
halifax,International News
christchurch,International News
stoke,International News
trent,International News
victoria,International News
port,International News
moresby,International News
sarajevo,International News
windsor,International News
hull,International News
swansea,International News
football,sport
archery,sport
athletics,sport
badminton,sport
baseball,sport
bowls,sport
boxing,sport
canoeing,sport
cricket,sport
curling,sport
cycling,sport
darts,sport
disability,sport
sport,sport
diving,sport
equestrian,sport
fencing,sport
gaelic,sport
games,sport
golf,sport
gymnastics,sport
handball,sport
hockey,sport
horse,sport
racing,sport
judo,sport
mixed,sport
martial,sport
pentathlon,sport
motorsport,sport
netball,sport
olympics,sport
rowing,sport
rugby,sport
league,sport
sailing,sport
shooting,sport
snooker,sport
squash,sport
swimming,sport
table,sport
tennis,sport
taekwondo,sport
triathlon,sport
volleyball,sport
weightlifting,sport
winter,sport
sports,sport
wrestling,sport
"agarwal	ahmed	bumrah",sport
"chahal	s",sport
"dhawan	ms",sport
dhoni,sport
"jadeja	km",sport
"jadhav	kd",sport
karthik,sport
"kaul	virat",sport
"kohli	kuldeep",sport
yadav,sport
"kumar	m",sport
"markande	mohammed",sport
shami,sport
"siraj	hh",sport
"pandya	kh",sport
pandya,sport
"pant	ca",sport
"pujara	am",sport
rahane,sport
"rahul	at",sport
"rayudu	v",sport
shankar,sport
"sharma	rg",sport
"sharma	shubman",sport
gill,sport
"vihari	m",sport
"vijay	ut",sport
batsman,sport
bowler,sport
goalkeeper,sport
shots,sport
ball,sport
heads,sport
tails,sport
toss,sport
six,sport
wide,sport
crease,sport
stumps,sport
wickets,sport
goals,sport
baskets,sport
crowd,sport
cheerleaders,sport
ipl,sport
bigbash,sport
aussies,sport
bleed,sport
medals,sport
trophy,sport
award,sport
defenders,sport
arnab,sport
mondal,sport
narayan,sport
das,sport
both,sport
bengal,sport
pritam,sport
kotal,sport
mohun,sport
bagan,sport
augustin,sport
fernandes,sport
salgaocar,sport
sandesh,sport
jhingan,sport
dsk,sport
shivajians,sport
rino,sport
anto,sport
keegan,sport
pereira,sport
bengaluru,sport
chinglensana,sport
shillong,sport
lajong,sport
fulganco,sport
cardozo,sport
sporting,sport
clube,sport
goa,sport
midfielders,sport
lalrindika,sport
ralte,sport
harmanjot,sport
khabra,sport
rafique,sport
all,sport
pronay,sport
halder,sport
udanta,sport
ckvineeth,sport
eugeneson,sport
lyngdoh,sport
dynamos,sport
chhakchhuak,sport
vinit,sport
rai,sport
holicharan,sport
dempo,sport
seityasen,sport
anthony,sport
dsouza,sport
dhanpal,sport
ganesh,sport
chenniyin,sport
lalrinmuana,sport
aizawl,sport
forwards,sport
jeje,sport
lalpekhlua,sport
sunil,sport
chhetri,sport
sumeet,sport
passi,sport
alwyn,sport
george,sport
jackichand,sport
cristiano,sport
ronaldo,sport
messi,sport
neymar,sport
gareth,sport
bale,sport
